City_ID,City,Country,Lat,Lng,Max Temp,Humidity,Cloudiness,Wind Speed,Current Description
0,Butaritari,KI,3.0707,172.7902,80.91,80,99,10.85,light rain
1,New Norfolk,AU,-42.7826,147.0587,43.92,87,23,1.01,few clouds
2,Torbay,CA,47.6666,-52.7314,63.37,34,20,6.91,few clouds
3,Albany,US,42.6001,-73.9662,91.67,54,0,5.01,clear sky
4,Lompoc,US,34.6391,-120.4579,76.78,58,0,12.66,clear sky
5,Ushuaia,AR,-54.8,-68.3,42.46,70,0,6.91,clear sky
6,Hermanus,ZA,-34.4187,19.2345,57.74,76,37,5.39,scattered clouds
7,Qaanaaq,GL,77.484,-69.3632,19.78,80,100,2.55,overcast clouds
8,Ponta Do Sol,PT,32.6667,-17.1,70.43,82,22,2.42,few clouds
9,Jamestown,US,42.097,-79.2353,83.84,57,0,12.66,clear sky
10,Rikitea,PF,-23.1203,-134.9692,75.22,74,10,6.8,clear sky
11,Caravelas,BR,-17.7125,-39.2481,75.29,63,2,8.57,clear sky
12,Puerto Ayora,EC,-0.7393,-90.3518,76.96,90,80,5.99,broken clouds
13,San Patricio,US,28.017,-97.5169,98.19,51,1,20.15,clear sky
14,Ponta Delgada,PT,37.7333,-25.6667,65.12,100,100,5.75,fog
15,Kitimat,CA,54.0524,-128.6534,65.91,46,1,1.05,clear sky
16,Manaus,BR,-3.1019,-60.025,84.7,65,75,4.61,broken clouds
17,Berdigestyakh,RU,62.0989,126.6992,40.23,78,8,2.01,clear sky
18,Mataura,NZ,-46.1927,168.8643,45.7,96,100,9.8,overcast clouds
19,Yellowknife,CA,62.456,-114.3525,55.92,50,75,10.36,broken clouds
20,Punta Arenas,CL,-53.15,-70.9167,42.91,70,0,14.97,clear sky
21,Port Alfred,ZA,-33.5906,26.891,58.98,75,38,3.71,scattered clouds
22,Dikson,RU,73.5069,80.5464,25.74,96,98,7.87,overcast clouds
23,Fairbanks,US,64.8378,-147.7164,68.59,33,0,4.61,clear sky
24,Port Elizabeth,ZA,-33.918,25.5701,57.49,82,0,6.91,clear sky
25,Muros,ES,42.7762,-9.0603,70.68,89,100,4.47,moderate rain
26,Piacabucu,BR,-10.4056,-36.4344,77.61,79,55,14.47,broken clouds
27,Katsuura,JP,35.1333,140.3,61.57,94,100,14.23,overcast clouds
28,Lewiston,US,44.1003,-70.2148,78.04,77,20,4.61,few clouds
29,Ribeira Grande,PT,38.5167,-28.7,64.8,100,100,5.75,light intensity drizzle
30,Lavrentiya,RU,65.5833,-171.0,36.97,91,73,8.01,broken clouds
31,Gat,IL,31.61,34.7642,79.39,100,95,9.51,overcast clouds
32,Gympie,AU,-26.1898,152.665,61.18,98,100,4.43,overcast clouds
33,Tiksi,RU,71.6872,128.8694,24.71,100,100,2.89,overcast clouds
34,Thanatpin,MM,17.2119,96.3033,78.98,95,100,6.62,light rain
35,Lata,PT,40.1629,-8.3327,61.45,92,27,1.36,scattered clouds
36,Flic En Flac,MU,-20.2742,57.3631,75.76,71,0,11.23,clear sky
37,Kapaa,US,22.0752,-159.319,80.58,93,20,6.91,few clouds
38,Wewak,PG,-3.5534,143.6268,77.65,88,81,5.84,broken clouds
39,Palmer,US,42.1584,-72.3287,91.65,53,20,8.05,few clouds
40,Komsomolskiy,UZ,40.4272,71.7189,66.92,68,75,11.5,broken clouds
41,Icatu,BR,-2.7758,-44.0658,86.43,89,97,3.02,light rain
42,Mahebourg,MU,-20.4081,57.7,75.49,73,40,8.05,scattered clouds
43,Tuktoyaktuk,CA,69.4541,-133.0374,30.2,69,100,9.22,overcast clouds
44,Tocopilla,CL,-22.092,-70.1979,68.74,64,96,8.61,overcast clouds
45,Chokurdakh,RU,70.6333,147.9167,33.4,100,100,3.87,overcast clouds
46,Busselton,AU,-33.65,115.3333,59.32,77,0,10.09,clear sky
47,Lumberton,US,34.6182,-79.0086,91.71,41,94,12.19,overcast clouds
48,Nyurba,RU,63.2842,118.3319,46.13,86,97,2.86,overcast clouds
49,Necochea,AR,-38.5473,-58.7368,56.34,67,100,7.87,overcast clouds
50,Kavieng,PG,-2.5744,150.7967,82.06,71,100,11.12,overcast clouds
51,Mar Del Plata,AR,-38.0023,-57.5575,64.42,70,0,8.05,clear sky
52,Kodiak,US,57.79,-152.4072,47.71,76,100,26.46,overcast clouds
53,Bluff,NZ,-46.6,168.3333,50.77,78,100,26.91,overcast clouds
54,Hilo,US,19.7297,-155.09,78.53,76,100,1.99,overcast clouds
55,Makakilo City,US,21.3469,-158.0858,81.01,72,0,8.05,clear sky
56,Cherskiy,RU,68.75,161.3,52.61,51,36,14.67,scattered clouds
57,Niteroi,BR,-22.8833,-43.1036,73.02,70,20,11.5,few clouds
58,Auki,SB,-8.7676,160.7034,76.68,85,9,3.33,clear sky
59,Saskylakh,RU,71.9167,114.0833,27.25,98,93,6.15,overcast clouds
60,Atuona,PF,-9.8,-139.0333,77.86,76,15,11.5,few clouds
61,Stornoway,GB,58.2093,-6.3865,52.03,87,40,16.11,scattered clouds
62,Esperance,AU,-33.8667,121.9,57.04,70,67,12.08,broken clouds
63,Nikolskoye,RU,59.7035,30.7861,48.09,60,4,8.19,clear sky
64,Ostrovnoy,RU,68.0531,39.5131,29.8,75,10,8.1,clear sky
65,Clyde River,CA,70.4692,-68.5914,23.23,86,100,9.22,overcast clouds
66,Saint-Philippe,RE,-21.3585,55.7679,69.39,79,99,10.71,overcast clouds
67,Kruisfontein,ZA,-34.0033,24.7314,53.89,85,4,5.73,clear sky
68,Husavik,IS,66.0449,-17.3389,41.2,98,100,11.18,overcast clouds
69,Krasnoselkup,RU,65.7,82.4667,44.47,76,65,9.42,broken clouds
70,Bredasdorp,ZA,-34.5322,20.0403,53.04,84,9,5.08,clear sky
71,Grand Gaube,MU,-20.0064,57.6608,75.6,77,0,17.87,clear sky
72,Cape Town,ZA,-33.9258,18.4232,58.12,80,0,3.44,clear sky
73,Fomboni,KM,-12.28,43.7425,80.6,70,8,7.23,clear sky
74,Nemuro,JP,43.3236,145.575,48.85,99,100,11.45,overcast clouds
75,Saint George,US,37.1041,-113.5841,77.79,11,0,5.75,clear sky
76,Evensk,RU,61.95,159.2333,38.59,95,100,3.74,overcast clouds
77,North Royalton,US,41.3137,-81.7246,87.19,69,75,11.5,thunderstorm
78,Georgetown,MY,5.4112,100.3354,82.33,88,20,2.3,few clouds
79,Nome,US,64.5011,-165.4064,53.17,50,0,18.41,clear sky
80,Alice Springs,AU,-23.7,133.8833,40.55,65,6,0.0,clear sky
81,Leningradskiy,RU,69.3833,178.4167,32.74,97,97,9.98,overcast clouds
82,Khatanga,RU,71.9667,102.5,35.06,98,99,5.57,overcast clouds
83,Ahuimanu,US,21.4447,-157.8378,82.2,75,75,8.05,broken clouds
84,Vaini,TO,-21.2,-175.2,71.76,94,75,4.61,broken clouds
85,Lisakovsk,KZ,52.5369,62.4936,45.95,72,100,6.82,overcast clouds
86,Askino,RU,56.0901,56.5783,37.17,82,100,5.41,overcast clouds
87,Avarua,CK,-21.2078,-159.775,77.05,78,40,2.3,scattered clouds
88,Kralendijk,BQ,12.15,-68.2667,85.98,66,75,18.41,broken clouds
89,Yenagoa,NG,4.9247,6.2642,75.76,94,100,4.03,overcast clouds
90,Sergeyevka,KZ,53.88,67.4158,49.64,86,100,15.82,moderate rain
91,Nogales,MX,31.3086,-110.9422,84.33,11,0,16.11,clear sky
92,Comodoro Rivadavia,AR,-45.8667,-67.5,58.86,38,0,18.41,clear sky
93,San Jose,US,37.3394,-121.895,86.49,24,20,8.99,few clouds
94,Slatina,RO,44.4333,24.3667,75.51,65,72,10.09,broken clouds
95,Airai,TL,-8.9266,125.4092,57.56,90,28,3.67,scattered clouds
96,Umm Kaddadah,SD,13.6017,26.6876,85.84,12,100,11.03,overcast clouds
97,Marathon,US,44.9,-89.7668,60.44,50,20,9.22,few clouds
98,Severo-Kurilsk,RU,50.6789,156.125,42.01,95,97,2.04,overcast clouds
99,La Ronge,CA,55.1001,-105.2842,55.65,21,40,10.36,scattered clouds
100,Guerrero Negro,MX,27.9769,-114.0611,72.36,49,5,11.59,clear sky
101,Sorong,ID,-0.8833,131.25,80.11,80,84,4.25,broken clouds
102,Pevek,RU,69.7008,170.3133,34.27,90,100,5.1,overcast clouds
103,San Policarpo,PH,12.1791,125.5072,80.02,84,100,8.97,overcast clouds
104,Hobart,AU,-42.8794,147.3294,44.26,89,75,11.5,broken clouds
105,Kavaratti,IN,10.5669,72.642,83.53,78,94,17.47,overcast clouds
106,Provideniya,RU,64.3833,-173.3,50.99,49,98,10.65,overcast clouds
107,Santa Cruz,BO,-17.8,-63.1667,80.06,44,20,19.57,few clouds
108,Longyearbyen,SJ,78.2186,15.6401,37.24,70,75,6.91,broken clouds
109,Bonthe,SL,7.5264,-12.505,75.97,88,88,8.48,overcast clouds
110,Marzuq,YE,14.4,46.4667,78.69,26,24,2.82,few clouds
111,East London,ZA,-33.0153,27.9116,60.42,76,63,3.02,broken clouds
112,Saint-Georges,GD,12.0564,-61.7485,87.48,58,20,19.57,few clouds
113,Johnstown,US,40.3267,-78.922,90.46,44,75,6.91,broken clouds
114,Vostok,RU,46.4856,135.8833,49.06,96,87,3.13,overcast clouds
115,Christchurch,NZ,-43.5333,172.6333,39.42,89,55,2.3,broken clouds
116,Buturlino,RU,55.5667,44.8974,36.52,79,35,3.62,scattered clouds
117,Vao,NC,-22.6667,167.4833,74.14,87,90,25.61,overcast clouds
118,Zyryanka,RU,65.75,150.85,46.67,79,100,9.33,overcast clouds
119,Chipinge,ZW,-20.1883,32.6236,57.52,94,28,2.19,light rain
120,Brigantine,US,39.4101,-74.3646,95.2,65,0,12.66,clear sky
121,Ngunguru,NZ,-35.6167,174.5,57.16,85,99,9.17,overcast clouds
122,Lebu,CL,-37.6167,-73.65,55.29,81,94,8.48,overcast clouds
123,Carnarvon,AU,-24.8667,113.6333,71.17,64,100,7.47,overcast clouds
124,Tasiilaq,GL,65.6145,-37.6368,37.56,72,100,4.88,overcast clouds
125,Hereford,GB,52.0568,-2.7148,56.73,87,61,5.12,broken clouds
126,Tavricheskoye,RU,54.5851,73.6395,73.31,27,32,18.77,scattered clouds
127,Sisimiut,GL,66.9395,-53.6735,38.25,66,100,4.43,overcast clouds
128,Misratah,LY,32.3754,15.0925,67.64,52,0,5.79,clear sky
129,Baiyin,CN,36.5583,104.2081,59.9,54,15,2.15,few clouds
130,Talnakh,RU,69.4865,88.3972,42.21,100,100,2.17,overcast clouds
131,Murgab,TM,37.4966,61.9714,60.67,77,100,4.61,light intensity shower rain
132,Veraval,IN,20.9,70.3667,82.89,79,31,19.82,scattered clouds
133,Port Hardy,CA,50.6996,-127.4199,50.18,87,20,4.61,few clouds
134,Oltu,TR,40.5498,42.0013,50.61,62,0,3.89,clear sky
135,Fortuna,US,40.5982,-124.1573,62.92,70,20,11.5,few clouds
136,Arman,RU,59.7,150.1667,39.02,95,100,3.22,overcast clouds
137,Lieksa,FI,63.3167,30.0167,40.14,67,8,6.55,clear sky
138,Kieta,PG,-6.2167,155.6333,78.28,84,18,0.98,few clouds
139,Zheleznodorozhnyy,RU,55.7503,38.0042,52.02,67,82,9.37,broken clouds
140,Yar-Sale,RU,66.8333,70.8333,30.83,81,100,13.44,overcast clouds
141,Vestmannaeyjar,IS,63.4427,-20.2734,49.91,84,99,8.01,overcast clouds
142,Castro,BR,-24.7911,-50.0119,57.7,61,7,3.58,clear sky
143,Lucan,IE,53.3592,-6.4389,59.95,71,75,13.8,broken clouds
144,Grindavik,IS,63.8424,-22.4338,53.55,76,20,23.02,few clouds
145,Mount Gambier,AU,-37.8333,140.7667,44.37,93,6,4.83,clear sky
146,Flinders,AU,-34.5833,150.8552,55.18,93,100,4.0,overcast clouds
147,Katherine,AU,-14.4667,132.2667,68.32,56,52,5.75,broken clouds
148,Te Anau,NZ,-45.4167,167.7167,44.62,90,96,5.17,overcast clouds
149,Tambovka,RU,50.0969,128.0489,46.31,74,100,6.13,overcast clouds
150,Bethel,US,41.3712,-73.414,95.18,60,0,4.61,clear sky
151,Pontianak,ID,-0.0333,109.3333,76.98,100,100,3.44,overcast clouds
152,Narrabri,AU,-30.3167,149.7833,54.52,88,100,5.01,overcast clouds
153,Svetlaya,RU,46.5389,138.3297,46.38,98,100,3.8,overcast clouds
154,Excelsior Springs,US,39.3392,-94.2261,60.67,55,100,14.97,overcast clouds
155,Pasighat,IN,28.0667,95.3333,71.11,94,70,2.98,broken clouds
156,Bengkulu,ID,-3.8004,102.2655,76.01,91,98,4.59,overcast clouds
157,Lenoir,US,35.2335,-77.6497,93.09,54,40,9.22,scattered clouds
158,Sheregesh,RU,52.9209,87.9869,53.01,64,16,4.54,few clouds
159,Coquimbo,CL,-29.9533,-71.3436,62.33,77,0,11.5,clear sky
160,Kosonsoy,UZ,41.2561,71.5508,61.36,66,100,4.68,overcast clouds
161,Upernavik,GL,72.7868,-56.1549,30.49,76,100,5.75,overcast clouds
162,Yulara,AU,-25.2406,130.9889,50.72,53,11,9.37,few clouds
163,Chernyshkovskiy,RU,48.4219,42.2308,56.03,95,100,13.82,overcast clouds
164,Moranbah,AU,-22.0016,148.0466,60.93,91,100,16.08,overcast clouds
165,Mahajanga,MG,-15.7167,46.3167,77.02,65,20,8.05,few clouds
166,Jardim,BR,-21.4803,-56.1381,74.07,42,11,0.69,few clouds
167,Imeni Poliny Osipenko,RU,52.4201,136.4853,37.02,87,96,13.98,overcast clouds
168,Roswell,US,34.0232,-84.3616,89.38,49,100,9.22,overcast clouds
169,Havoysund,NO,70.9963,24.6622,44.83,77,32,2.1,scattered clouds
170,Sur,OM,22.5667,59.5289,90.75,51,2,12.93,clear sky
171,Cabo San Lucas,MX,22.8909,-109.9124,85.6,50,0,13.8,clear sky
172,Eyl,SO,7.9803,49.8164,83.62,69,88,16.89,overcast clouds
173,Saldanha,ZA,-33.0117,17.9442,51.85,78,35,7.0,scattered clouds
174,Gushikawa,JP,26.3544,127.8686,70.83,94,0,0.0,clear sky
175,Arraial Do Cabo,BR,-22.9661,-42.0278,71.56,68,20,11.5,few clouds
176,Petrolina,BR,-9.3986,-40.5008,80.65,61,75,10.36,light rain
177,Toluviejo,CO,9.4508,-75.4386,87.67,64,99,5.06,overcast clouds
178,Bubaque,GW,11.2833,-15.8333,78.98,79,100,18.7,overcast clouds
179,Winburg,ZA,-28.518,27.0093,48.38,82,80,7.43,broken clouds
180,Cap Malheureux,MU,-19.9842,57.6142,72.46,77,0,1.01,clear sky
181,Seddon,AU,-37.8068,144.8916,50.83,94,100,6.91,overcast clouds
182,Altayskoye,RU,51.9533,85.3325,58.96,64,100,5.93,overcast clouds
183,Polunochnoye,RU,60.8697,60.4153,33.75,97,100,8.34,light snow
184,Simi,SL,9.5667,-12.35,77.67,86,100,5.97,light rain
185,Saint-Pierre,RE,-21.3393,55.4781,69.91,83,40,4.61,scattered clouds
186,Grand-Lahou,CI,5.1367,-5.0242,77.41,89,99,13.6,moderate rain
187,Kommunisticheskiy,RU,61.6789,64.4819,36.63,96,100,11.21,light rain
188,Puerto Escondido,MX,15.85,-97.0667,87.75,52,84,10.94,broken clouds
189,Mount Isa,AU,-20.7333,139.5,60.57,77,10,0.0,clear sky
190,Anloga,GH,5.7947,0.8973,77.74,91,100,16.87,light rain
191,Taoudenni,ML,22.6783,-3.9836,97.83,6,4,12.48,clear sky
192,Coihaique,CL,-45.5752,-72.0662,40.95,87,100,4.61,overcast clouds
193,Ust-Maya,RU,60.4167,134.5333,35.91,78,8,2.66,clear sky
194,Burla,IN,21.5,83.8667,89.1,43,78,14.92,broken clouds
195,Guaranda,EC,-1.6,-79.0,58.98,94,78,4.92,moderate rain
196,Amuntai,ID,-2.4177,115.2494,74.12,97,100,1.3,overcast clouds
197,Maniwaki,CA,46.3834,-75.966,77.38,53,100,8.05,overcast clouds
198,Lubango,AO,-14.9172,13.4925,56.08,32,4,3.11,clear sky
199,Balkanabat,TM,39.5108,54.3671,63.3,43,0,7.31,clear sky
200,Sungaipenuh,ID,-2.0833,101.3833,64.8,98,100,1.25,overcast clouds
201,Kamenka,RU,51.3223,42.7678,48.81,53,100,8.46,overcast clouds
202,Heilbron,ZA,-27.2812,27.9709,47.21,87,49,11.65,scattered clouds
203,Mawlaik,MM,23.6333,94.4167,73.99,91,98,1.07,overcast clouds
204,Kaitangata,NZ,-46.2817,169.8464,48.15,89,100,15.77,overcast clouds
205,San Cristobal,VE,7.7669,-72.225,78.98,45,91,8.19,overcast clouds
206,Narsaq,GL,60.9167,-46.05,52.02,60,4,8.68,clear sky
207,Krasnokamensk,RU,50.0979,118.0369,52.81,35,83,6.17,broken clouds
208,Richards Bay,ZA,-28.783,32.0377,62.92,87,100,13.67,light rain
209,Saint-Joseph,RE,-21.3667,55.6167,68.38,78,56,11.79,broken clouds
210,Harper,LR,4.375,-7.7169,77.83,82,100,10.13,light rain
211,Lima,PE,-12.0432,-77.0282,65.39,69,100,8.05,overcast clouds
212,Guangyuan,CN,32.442,105.823,64.04,93,100,1.23,moderate rain
213,Dingle,PH,10.9995,122.6711,75.7,92,91,2.48,overcast clouds
214,Dok Kham Tai,TH,19.1624,99.9934,71.87,99,100,2.53,overcast clouds
215,Kadyy,RU,57.787,43.1903,32.14,78,36,5.37,scattered clouds
216,Geraldton,AU,-28.7667,114.6,55.81,94,40,9.22,scattered clouds
217,Terney,RU,45.0503,136.6092,50.09,98,98,2.39,overcast clouds
218,Naze,JP,28.3667,129.4833,68.92,83,46,10.4,scattered clouds
219,Coxim,BR,-18.5067,-54.76,81.18,23,57,3.62,broken clouds
220,Pacific Grove,US,36.6177,-121.9166,73.35,76,0,6.91,haze
221,Hofn,IS,64.2539,-15.2082,48.83,84,100,9.01,overcast clouds
222,Maarianhamina,AX,60.0973,19.9348,44.46,70,0,2.3,clear sky
223,Sitka,US,57.0531,-135.33,58.89,44,0,0.0,clear sky
224,Kaohsiung,TW,22.6163,120.3133,79.03,86,75,2.3,broken clouds
225,Benemerito De Las Americas,MX,16.5167,-90.6439,105.51,26,24,3.6,few clouds
226,San Quintin,MX,30.4833,-115.95,65.19,58,0,11.07,clear sky
227,Da Nang,VN,16.0678,108.2208,76.98,94,75,1.14,broken clouds
228,Alofi,NU,-19.0595,-169.9187,73.29,94,25,1.14,scattered clouds
229,Varnamo,SE,57.186,14.04,50.27,91,100,4.94,overcast clouds
230,Broome,US,42.2506,-75.833,92.01,51,40,12.66,scattered clouds
231,Portland,US,45.5234,-122.6762,69.46,52,20,10.36,few clouds
232,Rodrigues Alves,BR,-7.738,-72.6509,84.4,48,46,2.33,scattered clouds
233,Salalah,OM,17.0151,54.0924,86.09,74,75,4.61,broken clouds
234,Kuusamo,FI,65.9667,29.1833,44.64,87,100,4.61,light intensity shower rain
235,Bereda,ES,43.2686,-7.5406,74.41,61,100,1.95,light rain
236,Nanortalik,GL,60.1432,-45.2371,40.8,73,83,1.77,broken clouds
237,Fez,MA,34.0372,-4.9998,79.05,57,40,13.8,scattered clouds
238,Mozzozzin,PH,17.45,121.75,74.62,95,62,1.61,broken clouds
239,Srednekolymsk,RU,67.45,153.6833,54.32,46,100,6.58,overcast clouds
240,Soloneshnoye,RU,51.6544,84.3197,58.75,63,99,5.95,overcast clouds
241,Spassk-Dalniy,RU,44.5978,132.8211,49.42,93,11,0.83,few clouds
242,Laela,TZ,-8.5667,32.05,65.48,63,100,2.93,overcast clouds
243,Vuktyl,RU,63.8567,57.3094,37.29,82,100,8.93,overcast clouds
244,Carrollton,US,32.9537,-96.8903,91.83,49,40,14.97,scattered clouds
245,Flin Flon,CA,54.7682,-101.865,51.64,35,40,14.97,scattered clouds
246,Luderitz,NA,-26.6481,15.1594,55.83,66,9,15.93,clear sky
247,Ilovlya,RU,49.3033,43.9796,50.43,82,100,10.02,overcast clouds
248,Krasnotorka,UA,48.682,37.5327,62.04,93,100,17.27,light rain
249,Marsh Harbour,BS,26.5412,-77.0636,81.19,76,99,11.63,overcast clouds
250,Sinnamary,GF,5.3833,-52.95,77.36,88,99,13.47,light rain
251,Elko,US,41.0002,-115.5012,58.23,18,53,4.0,broken clouds
252,Sri Aman,MY,1.2376,111.4621,73.45,100,100,3.44,light rain
253,Barrow,US,71.2906,-156.7887,21.22,93,100,11.5,mist
254,Mataram,ID,-8.5833,116.1167,74.21,86,20,4.07,few clouds
255,Bairiki,KI,1.3292,172.9752,80.6,83,75,5.75,light rain
256,Morro Bay,US,35.3658,-120.8499,84.72,60,4,10.0,clear sky
257,Waitati,NZ,-45.75,170.5667,47.8,70,100,15.08,overcast clouds
258,Bentiu,SS,9.2333,29.8333,76.53,80,100,4.85,moderate rain
259,Concepcion,CL,-36.827,-73.0498,58.8,67,75,6.91,broken clouds
260,Prainha,BR,-1.8,-53.48,81.37,74,19,1.45,few clouds
261,Bambous Virieux,MU,-20.3428,57.7575,75.45,73,40,8.05,scattered clouds
262,Touros,BR,-5.1989,-35.4608,80.42,76,20,12.28,few clouds
263,Ilulissat,GL,69.2167,-51.1,33.82,86,75,6.91,broken clouds
264,Kang,BW,-23.6752,22.7876,42.84,72,7,5.14,clear sky
265,Gasa,PS,31.5,34.4667,73.89,78,100,12.19,overcast clouds
266,Liku,ID,-0.7275,119.8922,74.55,96,99,1.95,overcast clouds
267,Peleduy,RU,59.6289,112.7406,46.31,84,100,2.26,overcast clouds
268,Vila Franca Do Campo,PT,37.7167,-25.4333,64.81,92,81,4.25,broken clouds
269,Zupanja,HR,45.0775,18.6975,73.38,67,90,4.03,overcast clouds
270,Mandalgovi,MN,45.7625,106.2708,56.82,59,72,10.16,broken clouds
271,Skelleftea,SE,64.7507,20.9528,57.56,38,21,6.91,few clouds
272,Bhawanipatna,IN,19.9,83.1667,83.95,55,89,5.66,overcast clouds
273,Saint Anthony,US,45.0205,-93.218,56.66,45,75,11.5,broken clouds
274,Sao Joao Da Barra,BR,-21.6403,-41.0511,77.09,70,8,11.99,clear sky
275,Maceio,BR,-9.6658,-35.7353,78.24,88,75,9.22,mist
276,Aksu,CN,41.1231,80.2644,74.88,27,100,7.96,overcast clouds
277,Tautira,PF,-17.7333,-149.15,79.16,74,31,11.54,scattered clouds
278,Lagoa,PT,39.05,-27.9833,63.88,94,84,3.91,broken clouds
279,Olafsvik,IS,64.8945,-23.7142,43.3,81,79,19.01,broken clouds
280,Tsabong,BW,-26.0217,22.401,52.72,75,83,7.47,broken clouds
281,Chuy,UY,-33.6971,-53.4616,58.84,68,100,5.61,light rain
282,Paramonga,PE,-10.6667,-77.8333,68.59,76,19,10.4,few clouds
283,Moron,AR,-34.6534,-58.6198,71.29,45,0,2.13,clear sky
284,Lorengau,PG,-2.0226,147.2712,81.64,79,100,8.25,overcast clouds
285,Hithadhoo,MV,-0.6,73.0833,82.85,71,11,7.7,few clouds
286,Coulommiers,FR,48.8145,3.085,68.86,83,10,5.95,clear sky
287,Gizo,SB,-8.103,156.8419,81.63,76,20,6.53,few clouds
288,Sambava,MG,-14.2667,50.1667,75.42,84,99,10.31,light rain
289,Impfondo,CG,1.6381,18.0667,72.48,85,100,2.62,overcast clouds
290,Los Llanos De Aridane,ES,28.6585,-17.9182,67.75,89,75,13.8,broken clouds
291,Hasaki,JP,35.7333,140.8333,59.4,89,100,18.07,overcast clouds
292,Hargeysa,SO,9.56,44.065,76.82,28,54,7.9,broken clouds
293,Carlisle,US,40.2015,-77.1889,92.52,46,14,1.99,few clouds
294,Koumac,NC,-20.5667,164.2833,76.19,86,71,0.96,broken clouds
295,Poum,NC,-20.2333,164.0167,77.29,82,35,6.33,scattered clouds
296,Port Blair,IN,11.6667,92.75,83.46,82,100,20.07,overcast clouds
297,Dakar,SN,14.6937,-17.4441,76.08,78,75,9.22,broken clouds
298,Nuuk,GL,64.1835,-51.7216,39.81,81,75,12.66,broken clouds
299,Lady Frere,ZA,-31.7031,27.2329,49.53,96,100,5.28,overcast clouds
300,Burnie,AU,-41.0667,145.9167,47.95,85,7,3.36,clear sky
301,Paragominas,BR,-2.9667,-47.4833,72.36,90,100,2.8,overcast clouds
302,Visby,SE,57.6409,18.296,45.05,93,100,11.5,drizzle
303,Jizan,SA,17.3333,42.6667,88.74,56,7,2.75,clear sky
304,Uyskoye,RU,54.3775,60.0047,37.76,87,94,13.65,overcast clouds
305,Port Lincoln,AU,-34.7333,135.8667,58.48,81,0,10.87,clear sky
306,Colwyn Bay,GB,53.2948,-3.7267,58.95,55,90,11.99,overcast clouds
307,Mutoko,ZW,-17.397,32.2268,61.03,77,14,1.86,light rain
308,Aasiaat,GL,68.7098,-52.8699,34.36,80,100,0.69,overcast clouds
309,Kharitonovo,RU,61.4009,47.4978,31.53,96,100,7.65,light snow
310,Tamandare,BR,-8.7597,-35.1047,77.25,86,42,9.06,scattered clouds
311,Batsfjord,NO,70.6345,29.7185,39.13,93,100,5.75,light rain
312,Ayagoz,KZ,47.9714,80.4392,68.16,42,100,7.72,overcast clouds
313,Thompson,CA,55.7435,-97.8558,48.36,23,0,4.61,clear sky
314,Saint-Ambroise,CA,48.5501,-71.3324,60.62,82,100,3.44,overcast clouds
315,Iqaluit,CA,63.7506,-68.5145,31.73,93,100,33.38,light snow
316,Bagotville,AU,-28.9833,153.4167,59.63,86,100,10.33,overcast clouds
317,Gunnedah,AU,-30.9833,150.25,53.73,85,100,9.31,overcast clouds
318,Riverton,US,40.5219,-111.9391,64.51,21,0,10.0,clear sky
319,Amahai,ID,-3.3333,128.9167,77.02,83,80,4.21,broken clouds
320,Glasgow,GB,55.8652,-4.2576,57.02,82,100,3.0,overcast clouds
321,Pahrump,US,36.2083,-115.9839,77.95,8,2,4.0,clear sky
322,Porangatu,BR,-13.4408,-49.1486,80.4,32,3,2.59,clear sky
323,Segezha,RU,63.7415,34.3222,32.38,73,59,6.55,broken clouds
324,Cap-Aux-Meules,CA,47.3821,-61.8597,59.05,47,75,20.71,broken clouds
325,Pinawa,CA,50.1489,-95.8811,42.64,68,100,8.08,overcast clouds
326,Teya,RU,60.3778,92.6267,40.86,93,9,3.96,clear sky
327,Ivrea,IT,45.4672,7.8762,84.11,69,30,5.66,scattered clouds
328,Ribeira Brava,PT,32.65,-17.0667,68.72,84,19,2.06,few clouds
329,Wenling,CN,28.3669,121.36,62.19,92,100,1.86,overcast clouds
330,Cumberland,US,35.0502,-78.8664,92.48,51,20,10.36,few clouds
331,Acajutla,SV,13.5928,-89.8275,82.58,76,95,12.24,overcast clouds
332,Muravlenko,RU,63.7898,74.523,39.18,76,100,9.6,overcast clouds
333,Kutum,SD,14.2,24.6667,81.57,14,100,12.8,overcast clouds
334,Plouzane,FR,48.3833,-4.6167,59.05,68,0,9.22,clear sky
335,Valparaiso,CL,-33.0393,-71.6273,75.43,50,0,13.8,clear sky
336,Vrangel,RU,42.7297,133.0839,51.4,92,9,4.41,light rain
337,Kodinsk,RU,58.6881,99.1844,43.09,81,21,3.53,few clouds
338,Nizwa,OM,22.9333,57.5333,90.72,11,5,2.55,clear sky
339,Oktyabrskiy,RU,54.4815,53.471,35.17,95,34,6.17,scattered clouds
340,Takoradi,GH,4.8845,-1.7554,76.95,89,100,10.09,heavy intensity rain
341,Boston,US,42.3584,-71.0598,92.61,62,100,5.99,overcast clouds
342,Guiren,CN,33.6697,118.1889,68.41,53,100,6.82,overcast clouds
343,Basarabeasca,MD,46.3311,28.9728,64.33,85,92,6.46,overcast clouds
344,Santa Maria,BR,-29.6842,-53.8069,67.3,52,20,2.3,few clouds
345,Dodge City,US,37.7528,-100.0171,55.22,54,100,21.85,overcast clouds
346,Zhuhai,CN,22.2769,113.5678,78.58,89,40,11.5,scattered clouds
347,Padang,ID,-0.9492,100.3543,77.49,89,94,3.42,heavy intensity rain
348,Sao Filipe,CV,14.8961,-24.4956,72.93,79,31,11.54,scattered clouds
349,Aklavik,CA,68.2191,-135.0107,35.6,80,100,8.05,light snow
350,Riyadh,SA,24.6877,46.7219,93.34,12,0,13.02,clear sky
351,Kaduqli,SD,11.0167,29.7167,75.04,84,100,19.46,heavy intensity rain
352,Puerto Leguizamo,CO,-0.1934,-74.7819,77.63,87,89,2.35,overcast clouds
353,Plettenberg Bay,ZA,-34.0527,23.3716,55.78,78,4,4.23,clear sky
354,Bilibino,RU,68.0546,166.4372,40.78,79,100,2.37,overcast clouds
355,Nueva Italia,PY,-25.6167,-57.5,70.83,62,95,4.07,overcast clouds
356,Belaya Gora,RU,68.5333,146.4167,44.85,78,98,3.58,overcast clouds
357,Tempio Pausania,IT,40.8974,9.1035,63.52,51,4,4.23,clear sky
358,Benxi,CN,41.2886,123.765,61.12,92,15,4.97,few clouds
359,Saint-Augustin,CA,51.226,-58.6502,46.85,81,100,19.08,overcast clouds
360,Cangas,ES,42.2641,-8.7846,72.75,68,20,6.91,light rain
361,Hobyo,SO,5.3505,48.5268,80.47,79,100,26.71,overcast clouds
362,Shinshiro,JP,34.9,137.5,61.45,92,100,5.1,overcast clouds
363,Leh,IN,34.1667,77.5833,45.14,52,22,5.46,few clouds
364,Floro,NO,61.5996,5.0328,52.23,81,100,11.5,overcast clouds
365,Santa Isabel Do Rio Negro,BR,-0.4139,-65.0192,74.82,95,97,3.06,overcast clouds
366,Awbari,LY,26.5921,12.7805,75.94,9,0,14.07,clear sky
367,Tigil,RU,57.8,158.6667,42.66,86,100,6.2,overcast clouds
368,Turukhansk,RU,65.8167,87.9833,51.04,83,100,3.18,overcast clouds
369,Shar,KZ,49.5886,81.0453,69.78,42,100,7.63,overcast clouds
370,Constitucion,CL,-35.3333,-72.4167,57.54,64,100,11.14,overcast clouds
371,Falun,SE,60.6036,15.626,52.21,63,100,2.57,overcast clouds
372,Iralaya,HN,15.0,-83.2333,80.04,85,100,16.26,overcast clouds
373,Lasa,IT,46.6166,10.7002,68.88,65,76,5.99,broken clouds
374,Haines Junction,CA,60.7522,-137.5108,57.27,42,13,4.88,few clouds
375,Vikulovo,RU,56.8167,70.6107,61.95,62,77,14.52,broken clouds
376,Zhanaozen,KZ,43.3,52.8,59.72,55,100,17.65,overcast clouds
377,Bilma,NE,18.6853,12.9164,89.69,10,0,5.19,clear sky
378,Hamilton,US,39.1834,-84.5333,84.31,62,38,12.41,scattered clouds
379,Bejucal,CU,22.9286,-82.3886,91.6,46,100,17.54,overcast clouds
380,Klaksvik,FO,62.2266,-6.589,49.12,86,99,14.54,overcast clouds
381,Port Augusta,AU,-32.5,137.7667,50.92,86,0,2.51,clear sky
382,San Buenaventura,MX,27.0833,-101.5333,105.48,5,0,4.85,clear sky
383,Bara,NG,10.3744,10.7288,90.18,38,9,9.62,clear sky
384,Contamana,PE,-7.3333,-75.0167,90.37,41,24,4.16,few clouds
385,Mayo,US,38.8876,-76.5119,96.46,50,0,5.75,clear sky
386,Tura,IN,25.5198,90.2201,71.33,97,75,1.16,broken clouds
387,Missoula,US,47.0166,-113.8009,46.17,47,99,4.76,overcast clouds
388,La Union,PE,-5.4,-80.75,83.75,46,5,13.8,clear sky
389,Altamira,BR,-3.2033,-52.2064,84.29,70,75,3.44,broken clouds
390,Hovd,MN,48.0056,91.6419,57.33,29,8,0.83,clear sky
391,Sidi Ali,DZ,36.0998,0.4206,78.57,43,12,9.1,few clouds
392,George Town,MY,5.4112,100.3354,81.95,89,20,2.3,few clouds
393,Jyvaskyla,FI,62.2415,25.7209,48.94,60,0,3.44,clear sky
394,Souillac,MU,-20.5167,57.5167,75.58,73,40,8.05,scattered clouds
395,Maine-Soroa,NE,13.2114,12.0241,89.01,12,68,7.07,broken clouds
396,Umm Lajj,SA,25.0213,37.2685,86.31,41,0,3.91,clear sky
397,Pervomayskoye,RU,43.919,46.7102,55.54,85,25,10.74,scattered clouds
398,Norman Wells,CA,65.282,-126.8329,42.84,87,100,18.41,overcast clouds
399,Lakes Entrance,AU,-37.8811,147.981,46.62,89,10,3.89,clear sky
400,Okha,RU,53.5739,142.9478,32.63,99,100,8.59,snow
401,Toledo,ES,39.8333,-4.0,75.74,39,100,7.47,overcast clouds
402,Dwarka,IN,22.2394,68.9678,82.6,83,5,23.31,clear sky
403,Ati,TD,13.2154,18.3353,92.23,10,9,10.96,clear sky
404,Ola,RU,59.5833,151.2833,39.15,87,99,4.97,overcast clouds
405,Cockburn Town,TC,21.4612,-71.1419,80.13,80,45,17.22,scattered clouds
406,Darhan,MN,49.4867,105.9228,53.51,78,61,0.69,broken clouds
407,Hambantota,LK,6.1241,81.1185,80.08,81,89,16.78,overcast clouds
408,Fort Nelson,CA,58.8053,-122.7002,62.19,25,40,0.0,scattered clouds
409,Nishihara,JP,26.1842,127.7558,70.88,84,0,13.8,clear sky
410,Saint Austell,GB,50.3383,-4.7658,59.56,67,0,5.75,clear sky
411,Arkhara,RU,49.4212,130.0842,46.35,80,31,6.44,scattered clouds
412,Waipawa,NZ,-41.4122,175.5153,44.64,87,5,3.51,clear sky
413,Perth,AU,-31.9333,115.8333,59.18,85,0,8.05,clear sky
414,Tooele,US,40.5308,-112.2983,62.29,29,0,8.05,clear sky
415,Goundam,ML,16.4145,-3.6708,94.48,22,80,11.63,broken clouds
416,Praia Da Vitoria,PT,38.7333,-27.0667,68.25,88,75,2.51,broken clouds
417,Nenjiang,CN,49.1833,125.2167,50.34,68,19,1.03,few clouds
418,Salinopolis,BR,-0.6136,-47.3561,79.34,82,83,4.23,broken clouds
419,Yerazgavors,AM,40.7,43.75,41.77,75,0,2.3,clear sky
420,San Rafael,AR,-34.6177,-68.3301,66.36,20,15,11.39,few clouds
421,Steinbach,DE,50.1667,8.5667,64.33,59,0,5.75,clear sky
422,Deputatskiy,RU,69.3,139.9,30.99,93,100,0.54,overcast clouds
423,Razdolnaya,RU,45.3799,39.5557,53.38,59,79,16.89,broken clouds
424,La Paz Centro,NI,12.34,-86.6753,78.57,83,100,0.49,overcast clouds
425,Toamasina,MG,-18.1667,49.3833,73.4,83,75,2.3,broken clouds
426,Rawson,AR,-43.3002,-65.1023,63.1,38,89,14.07,overcast clouds
427,Am Timan,TD,11.0297,20.2827,87.76,39,99,1.9,overcast clouds
428,Progreso,MX,21.2833,-89.6667,99.1,50,52,13.94,broken clouds
429,Codrington,AU,-38.2667,141.9667,43.39,93,6,7.31,clear sky
430,Olean,US,42.0776,-78.4297,86.65,44,40,8.05,scattered clouds
431,Vaasa,FI,63.096,21.6158,53.62,40,0,3.44,clear sky
432,Ancud,CL,-41.8697,-73.8203,54.21,90,100,26.78,light rain
433,Smirnykh,RU,49.75,142.8333,39.2,98,100,4.76,overcast clouds
434,Sandviken,SE,60.6167,16.7667,48.54,37,100,3.11,overcast clouds
435,Axim,GH,4.8699,-2.2405,76.89,89,100,11.56,moderate rain
436,Tromso,NO,69.6496,18.957,48.22,76,75,1.14,broken clouds
437,Namatanai,PG,-3.6667,152.4333,78.98,78,61,7.47,broken clouds
438,The Valley,AI,18.217,-63.0578,85.86,70,40,16.11,haze
439,Celestun,MX,20.8667,-90.4,87.1,69,20,12.77,few clouds
440,Ixtapa,MX,20.7,-105.2,93.96,34,1,8.77,clear sky
441,Hualahuises,MX,24.8847,-99.6733,106.97,14,0,10.09,clear sky
442,Dunedin,NZ,-45.8742,170.5036,47.8,70,100,11.99,overcast clouds
443,Matata,NZ,-37.8833,176.75,53.85,69,58,10.92,broken clouds
444,Mukhen,RU,48.1,136.1,46.94,95,100,4.81,overcast clouds
445,Aktau,KZ,43.65,51.2,59.58,77,100,19.19,overcast clouds
446,Ketchikan,US,55.3422,-131.6461,62.53,43,0,3.09,clear sky
447,Pangody,RU,65.85,74.4859,33.22,94,100,10.4,overcast clouds
448,Port-Gentil,GA,-0.7193,8.7815,78.76,82,100,13.87,overcast clouds
449,Cururupu,BR,-1.8283,-44.8683,78.48,91,29,2.24,scattered clouds
450,Anju,KP,39.6178,125.6647,55.94,93,88,3.24,overcast clouds
451,Popondetta,PG,-8.7537,148.2534,71.8,90,36,3.13,scattered clouds
452,Matagami,CA,49.7502,-77.6328,41.11,87,100,16.11,overcast clouds
453,Mollendo,PE,-17.0231,-72.0147,67.19,78,98,8.59,overcast clouds
454,Corpus Christi,US,27.8006,-97.3964,97.16,70,20,18.41,few clouds
455,Buala,SB,-8.145,159.5921,79.83,80,48,5.03,scattered clouds
456,Beaufort,MY,5.3473,115.7455,75.49,96,99,3.51,overcast clouds
457,Namtsy,RU,62.7161,129.6658,41.29,89,86,2.17,light rain
458,Tiarei,PF,-17.5333,-149.3333,82.42,74,15,11.95,few clouds
459,Palermo,IT,37.8167,13.5833,64.42,56,0,1.41,clear sky
460,Dubbo,AU,-32.25,148.6167,51.93,87,99,9.22,overcast clouds
461,Estelle,US,29.8458,-90.1067,91.0,65,75,13.8,broken clouds
462,Karratha,AU,-20.7377,116.8463,76.73,75,99,4.45,light rain
463,Samarai,PG,-10.6167,150.6667,80.6,79,48,6.11,scattered clouds
464,Melbu,NO,68.5044,14.8297,46.22,93,100,1.14,overcast clouds
465,Ulladulla,AU,-35.35,150.4667,55.85,87,100,9.37,moderate rain
466,Korsakov,RU,46.6328,142.7813,40.84,94,100,1.63,overcast clouds
467,Margate,GB,51.3813,1.3862,59.7,71,100,1.99,overcast clouds
468,Charlestown,AU,-32.95,151.6667,56.68,98,55,6.02,broken clouds
469,Olga,RU,43.7444,135.2892,49.28,98,100,1.23,overcast clouds
470,Faanui,PF,-16.4833,-151.75,80.17,72,17,10.07,light rain
471,Toporu,RO,44.0106,25.6528,70.16,54,95,8.95,overcast clouds
472,Sosva,RU,59.1766,61.8558,37.8,97,100,12.66,light rain
473,Roald,NO,62.5833,6.1333,53.91,82,75,10.36,broken clouds
474,Yerbogachen,RU,61.2767,108.0108,44.89,91,46,3.24,scattered clouds
475,Chamba,IN,32.5667,76.1333,70.25,40,2,9.22,clear sky
476,Lovozero,RU,68.005,35.0117,34.25,75,97,11.27,overcast clouds
477,Aquin,HT,18.2833,-73.4,83.79,70,92,6.93,overcast clouds
478,San Juan De Los Morros,VE,9.9115,-67.3538,91.9,28,3,6.08,clear sky
479,Camana,PE,-16.6228,-72.7111,67.78,79,97,8.7,overcast clouds
480,Nassjo,SE,57.6531,14.6968,45.52,95,100,4.7,overcast clouds
481,Roma,US,43.2128,-75.4557,91.54,43,20,9.22,few clouds
482,Majene,ID,-3.5403,118.9707,77.49,87,35,6.91,scattered clouds
483,Uyemskiy,RU,64.4743,40.8524,32.05,63,100,6.71,overcast clouds
484,San Pedro,PH,14.35,121.0167,79.83,86,75,6.91,broken clouds
485,Oussouye,SN,12.485,-16.5469,82.58,70,100,11.63,overcast clouds
486,Kamarion,GR,36.8,25.8167,67.39,73,17,12.88,few clouds
487,Raudeberg,NO,61.9875,5.1352,49.96,81,99,17.63,overcast clouds
488,Lingao,CN,19.9103,109.6859,76.39,93,96,13.94,overcast clouds
489,Englehart,CA,47.8169,-79.8664,68.56,52,75,12.66,broken clouds
490,Bagdarin,RU,54.4333,113.6,49.28,81,100,10.02,overcast clouds
491,Mokolo,CM,10.7398,13.8019,91.09,20,88,2.68,overcast clouds
492,San Felipe,VE,10.3399,-68.7425,88.18,50,20,11.56,few clouds
493,Una,IN,20.8167,71.0333,83.01,73,68,19.3,broken clouds
494,Iwanai,JP,42.9744,140.5089,54.28,75,9,8.57,clear sky
495,Agirish,RU,61.9247,63.0231,36.09,97,100,10.22,light rain
496,Mudgee,AU,-32.5943,149.5871,51.62,94,94,5.82,overcast clouds
497,Stavern,NO,59.0,10.0333,54.3,83,100,1.34,overcast clouds
498,Mezen,RU,65.8522,44.24,28.15,78,100,7.92,overcast clouds
499,Paita,PE,-5.0892,-81.1144,71.92,73,11,15.84,few clouds
500,Beringovskiy,RU,63.05,179.3167,36.09,89,100,8.19,overcast clouds
501,San Vicente,AR,-26.6167,-54.1333,61.12,58,7,1.43,clear sky
502,Lethem,GY,3.3803,-59.7968,76.01,87,100,5.99,overcast clouds
503,Goderich,CA,43.7501,-81.7165,57.52,82,100,3.44,overcast clouds
504,Ukiah,US,39.1502,-123.2078,83.44,31,50,4.0,scattered clouds
505,Drawsko Pomorskie,PL,53.5306,15.8097,50.07,91,53,1.01,light rain
506,Salinas,US,36.6777,-121.6555,83.01,55,0,6.91,haze
507,Chernihiv,UA,51.0,32.0,56.39,95,100,14.54,overcast clouds
508,Payo,ID,-3.7508,103.6372,74.3,95,89,1.32,overcast clouds
509,Verkhnyaya Inta,RU,65.9811,60.3094,31.44,78,100,13.62,overcast clouds
510,Inirida,CO,3.8653,-67.9239,79.79,87,87,2.33,overcast clouds
511,Petropavlovka,RU,50.6114,105.3196,48.29,77,16,3.94,few clouds
512,Morris,US,40.8334,-74.5329,93.15,50,0,10.36,clear sky
513,Price,US,39.5994,-110.8107,55.11,18,0,8.77,clear sky
514,Santa Maria Del Oro,MX,25.9333,-105.3667,86.52,5,0,5.57,clear sky
515,Tera,NE,14.0078,0.7531,94.32,28,26,4.45,scattered clouds
516,Jalu,LY,29.0331,21.5482,70.99,37,0,14.76,clear sky
517,Bonavista,CA,48.6499,-53.1147,50.86,62,60,13.09,broken clouds
518,Fare,PF,-16.7,-151.0167,80.29,71,9,9.13,clear sky
519,Dundwaraganj,IN,27.7333,78.95,91.85,24,95,10.11,overcast clouds
520,Clarksdale,US,34.2001,-90.5709,91.38,55,20,20.71,few clouds
521,Huangchuan,CN,32.1272,115.0394,67.55,70,100,3.78,overcast clouds
522,Bukachacha,RU,52.9833,116.9167,53.4,41,100,3.71,overcast clouds
523,Uray,RU,60.1247,64.7758,40.37,93,100,17.09,light rain
524,Straumen,NO,63.8709,11.2999,51.8,78,100,5.53,overcast clouds
525,Tilichiki,RU,60.4667,166.1,35.22,88,100,2.62,overcast clouds
526,Aranos,NA,-24.1333,19.1167,48.83,63,0,8.21,clear sky
527,Smoky Lake,CA,54.1169,-112.4686,54.32,26,92,6.91,overcast clouds
528,Manakara,MG,-22.1333,48.0167,65.35,93,14,4.34,few clouds
529,Kamaishi,JP,39.2667,141.8833,56.62,93,99,5.39,overcast clouds
530,Umba,RU,66.6871,34.3429,34.3,72,100,9.4,overcast clouds
531,Aykhal,RU,66.0,111.5,40.05,77,42,2.84,scattered clouds
532,Hualmay,PE,-11.0964,-77.6139,68.52,75,20,9.8,few clouds
533,Denpasar,ID,-8.65,115.2167,76.71,94,20,3.44,few clouds
534,Oriximina,BR,-1.7656,-55.8661,79.09,79,81,3.29,broken clouds
535,Shingu,JP,33.7333,135.9833,60.69,89,83,3.51,broken clouds
536,Adrar,MR,20.5022,-10.0711,92.08,9,1,3.2,clear sky
537,Amapa,BR,1.0,-52.0,77.11,97,79,2.21,broken clouds
538,Kiunga,PG,-6.1219,141.2906,71.51,100,99,1.54,overcast clouds
539,Mangaratiba,BR,-22.9597,-44.0406,72.46,76,3,3.74,clear sky
540,Lilongwe,MW,-13.9669,33.7873,65.39,79,52,5.5,broken clouds
541,Wuning,CN,29.2589,120.2311,62.1,94,99,2.91,overcast clouds
542,Qazvin,IR,36.2797,50.0049,56.82,21,0,4.61,clear sky
543,Pauini,BR,-7.7136,-66.9764,81.66,69,96,2.57,overcast clouds
544,Souris,CA,49.6172,-100.2612,48.74,49,100,8.3,overcast clouds
545,Doha,QA,25.2867,51.5333,96.78,20,0,14.97,clear sky
546,Vila Velha,BR,-20.3297,-40.2925,75.15,64,20,14.97,few clouds
547,Sukhobuzimskoye,RU,56.5,93.2728,55.74,51,100,4.94,overcast clouds
548,Biak,ID,-0.9131,122.8766,74.86,80,99,4.99,overcast clouds
549,Zeya,RU,53.75,127.2667,44.22,63,100,3.91,overcast clouds
550,Chokwe,MZ,-24.5333,32.9833,65.5,93,100,4.18,light rain
551,Nadym,RU,65.5333,72.5167,33.58,86,100,15.23,overcast clouds
552,Serebryansk,KZ,49.6925,83.2892,63.54,48,100,4.88,overcast clouds
553,Namibe,AO,-15.1961,12.1522,67.95,72,2,3.13,clear sky
554,Rio Gallegos,AR,-51.6226,-69.2181,46.45,49,0,6.91,clear sky
555,Waynesboro,US,38.0685,-78.8895,92.08,43,0,8.05,clear sky
556,Westport,US,41.1415,-73.3579,96.44,65,12,1.01,few clouds
557,Micheweni,TZ,-4.9667,39.8333,78.62,82,59,11.39,broken clouds
558,Hervey Bay,AU,-25.2986,152.8535,69.3,82,98,17.9,overcast clouds
559,Ambon,ID,-3.6954,128.1814,77.14,94,20,2.3,few clouds
560,Moussoro,TD,13.6408,16.4901,91.45,10,10,15.84,clear sky
561,Constantine,DZ,36.365,6.6147,72.81,28,0,5.75,clear sky
562,Hami,CN,42.8,93.45,76.37,24,0,16.6,clear sky
563,At-Bashi,KG,41.1702,75.8106,46.04,67,82,3.65,broken clouds
564,Oda,JP,35.1833,132.5,57.85,84,0,9.08,clear sky
565,Volodarskiy,RU,46.4013,48.5409,53.55,88,100,5.91,overcast clouds
566,Nakhon Si Thammarat,TH,8.25,100.0,76.46,88,100,5.59,overcast clouds
567,Erzin,TR,36.9559,36.2,70.56,27,3,7.2,clear sky
568,Ust-Omchug,RU,61.15,149.6333,33.4,90,100,4.07,overcast clouds
569,Batagay-Alyta,RU,67.8006,130.4114,26.78,91,87,3.76,overcast clouds
570,Meulaboh,ID,4.1363,96.1285,77.68,88,100,1.43,overcast clouds
571,Bargur,IN,12.5424,78.3539,76.12,69,100,12.1,overcast clouds
572,Huacho,PE,-11.1067,-77.605,68.81,75,19,9.73,few clouds
573,Jacaleapa,HN,14.0167,-86.6667,83.68,50,100,6.87,light rain
574,Valle Hermoso,MX,25.6667,-97.8333,94.93,50,0,20.92,clear sky
575,Nyandoma,RU,61.669,40.1991,27.09,78,43,5.17,scattered clouds
576,Maneadero,MX,31.7167,-116.5667,67.35,59,4,10.09,clear sky
577,Reforma,MX,18.1,-91.0167,107.98,23,100,7.94,overcast clouds
578,Hukuntsi,BW,-24.0,21.75,45.09,64,6,4.03,clear sky
579,Sobolevo,RU,54.4299,31.8996,45.46,98,100,8.7,light rain
580,Cuamba,MZ,-14.8031,36.5372,73.33,52,95,4.41,overcast clouds
581,Gijon,ES,43.5357,-5.6615,64.26,96,100,5.99,moderate rain
582,Koulikoro,ML,14.0,-7.75,91.96,19,34,4.88,scattered clouds
583,Inongo,CD,-1.95,18.2667,74.26,85,100,4.85,overcast clouds
584,Reconquista,AR,-29.15,-59.65,68.68,52,78,2.77,broken clouds
585,Mayumba,GA,-3.432,10.6554,75.65,86,74,6.6,broken clouds
586,Ucluelet,CA,48.9329,-125.5528,54.09,81,0,1.01,clear sky
587,Kirakira,SB,-10.4544,161.9205,80.08,83,66,2.37,broken clouds
588,Magadan,RU,59.5667,150.8,38.53,93,97,6.31,overcast clouds
589,Palamos,ES,41.8484,3.1291,74.98,62,70,5.99,broken clouds
590,Kapoeta,SS,4.7717,33.5903,79.14,60,99,5.48,light rain
591,Asmar,AF,35.0333,71.3581,72.46,34,0,9.22,clear sky
592,Arinos,BR,-15.9169,-46.1056,77.67,25,7,2.59,clear sky
593,Purpe,RU,64.4803,76.6897,41.16,73,88,9.44,overcast clouds
594,Nioro,GM,13.35,-15.75,83.37,47,100,15.28,overcast clouds
595,Elmadag,TR,39.9208,33.2308,58.86,49,0,1.66,clear sky
596,Namwala,ZM,-15.7504,26.4384,61.52,54,1,5.23,clear sky
597,Selma,US,36.5708,-119.6121,85.21,22,0,4.63,clear sky
598,Laguna,US,38.421,-121.4238,84.76,19,20,3.0,few clouds
599,Romanovka,RU,51.7443,42.7527,48.13,55,100,6.17,overcast clouds
600,Vanimo,PG,-2.6741,141.3028,76.87,89,100,5.19,overcast clouds
601,Bantry,IE,51.6833,-9.45,55.78,96,100,9.64,overcast clouds
602,Bideford,GB,51.0179,-4.2046,57.96,89,70,5.66,broken clouds
603,Shache,CN,38.4167,77.2406,67.98,37,100,13.11,overcast clouds
604,Akdepe,TM,42.0551,59.3788,60.89,41,6,8.25,clear sky
605,Tuatapere,NZ,-46.1333,167.6833,47.88,88,99,14.27,light rain
606,Bolobo,CD,-2.1667,16.2333,74.17,85,88,2.44,light rain
607,Aksarka,RU,66.5606,67.7975,32.02,75,100,15.12,overcast clouds
608,Rock Springs,US,41.5875,-109.2029,52.05,19,0,8.99,clear sky
609,Anupgarh,IN,29.1911,73.2086,92.1,12,0,6.78,clear sky
610,Beaverlodge,CA,55.2166,-119.4361,52.95,36,17,3.2,few clouds
611,Bandarbeyla,SO,9.4942,50.8122,80.29,85,100,20.85,overcast clouds
612,Ulaangom,MN,49.9811,92.0667,57.61,37,5,1.92,clear sky
613,Merritt Island,US,28.5392,-80.672,90.18,72,20,17.27,few clouds
614,Nouadhibou,MR,20.931,-17.0347,69.78,73,1,23.02,sand
615,Nantucket,US,41.2835,-70.0995,68.0,100,100,9.6,overcast clouds
616,Porto Novo,BJ,6.4965,2.6036,75.02,81,100,4.7,overcast clouds
617,Dudinka,RU,69.4058,86.1778,42.62,97,100,4.88,overcast clouds
618,Huarmey,PE,-10.0681,-78.1522,70.23,75,40,10.04,scattered clouds
619,Stromness,GB,58.965,-3.296,51.76,86,99,5.99,overcast clouds
620,Kulhudhuffushi,MV,6.6221,73.07,82.58,79,75,15.66,broken clouds
621,San Andres,CO,12.5847,-81.7006,75.22,100,100,4.61,thunderstorm with rain
622,Bayangol,RU,50.6977,103.4656,42.37,86,7,2.62,clear sky
623,Cidreira,BR,-30.1811,-50.2056,62.19,65,26,2.75,scattered clouds
624,Victoria,HK,22.2855,114.1577,78.85,88,100,15.01,overcast clouds
625,Forestville,US,38.8451,-76.875,95.86,49,0,5.75,clear sky
626,Balykshi,KZ,47.0667,51.8667,44.6,70,40,4.47,scattered clouds
627,Mocuba,MZ,-16.8392,36.9856,69.55,70,2,3.22,clear sky
628,Kahului,US,20.8947,-156.47,84.97,77,19,13.0,few clouds
629,Pangoa,PE,-12.1167,-73.0,81.46,52,18,4.32,few clouds
630,Warrnambool,AU,-38.3833,142.4833,39.81,88,3,5.35,clear sky
631,Bitung,ID,1.4451,125.1824,76.05,87,82,10.92,broken clouds
632,Spoleto,IT,42.7448,12.7374,72.16,77,2,0.49,clear sky
633,Bardiyah,LY,31.7561,25.0865,65.86,71,0,19.82,clear sky
634,Chegdomyn,RU,51.1167,133.0167,42.39,96,100,1.66,overcast clouds
635,Lebanon,US,36.2081,-86.2911,93.45,53,10,11.59,clear sky
636,Madaras,HU,46.0587,19.2612,64.92,68,49,7.34,scattered clouds
637,Kalmunai,LK,7.4167,81.8167,81.25,74,67,6.73,broken clouds
638,Mehamn,NO,71.0357,27.8492,39.11,95,100,12.37,light rain
639,Corn Island,NI,12.1694,-83.0418,82.72,72,98,7.56,heavy intensity rain
640,Egvekinot,RU,66.3167,-179.1667,42.75,59,37,3.22,scattered clouds
641,Pacifica,US,37.6138,-122.4869,85.23,65,35,1.99,scattered clouds
642,Arani,IN,12.6667,79.2833,83.48,53,99,14.85,overcast clouds
643,Palu,ID,-0.8917,119.8707,75.51,98,100,1.63,overcast clouds
644,Cullman,US,34.1748,-86.8436,90.1,51,0,8.05,clear sky
645,Berlevag,NO,70.8578,29.0864,39.15,87,100,10.36,light rain
646,Orlik,RU,52.5178,99.825,45.63,65,53,3.24,broken clouds
647,Bryukhovychi,UA,49.9047,23.9597,54.28,69,64,11.99,broken clouds
648,Conceicao Do Araguaia,BR,-8.2578,-49.2647,83.08,57,0,2.24,clear sky
649,Vardo,NO,70.3705,31.1107,39.18,81,100,21.85,overcast clouds
650,Santiago Del Estero,AR,-27.7951,-64.2615,74.08,26,0,5.48,clear sky
651,Igrim,RU,63.1906,64.4162,37.45,92,100,12.28,overcast clouds
652,Half Moon Bay,US,37.4636,-122.4286,87.55,49,0,16.11,clear sky
653,Vaitape,PF,-16.5167,-151.75,80.15,72,14,9.98,light rain
654,Dawei,MM,14.0833,98.2,77.65,93,100,6.44,overcast clouds
655,Kopervik,NO,59.2835,5.3067,50.32,93,100,4.61,overcast clouds
656,Derzhavinsk,KZ,51.1,66.3167,50.11,71,100,15.14,overcast clouds
657,Xiaoweizhai,CN,26.1903,107.5125,62.42,99,100,2.73,overcast clouds
658,Shu,KZ,43.5983,73.7614,62.73,75,78,13.44,broken clouds
659,Chardara,KZ,41.2547,67.9692,65.43,62,56,20.2,broken clouds
660,Gidole,ET,5.65,37.3667,59.18,73,80,2.33,broken clouds
661,Nargana,PA,9.4428,-78.5906,82.87,75,55,3.96,broken clouds
662,Garoua,CM,9.3,13.4,87.76,44,49,3.78,scattered clouds
663,La Paz,BO,-16.5,-68.15,56.44,26,52,10.2,broken clouds
664,Bayburt,TR,40.2589,40.2278,49.17,44,0,2.68,clear sky
665,Clara,IE,53.3425,-7.6139,58.14,76,89,10.09,overcast clouds
666,Sibolga,ID,1.7427,98.7792,76.78,90,100,2.26,overcast clouds
667,Kenora,CA,49.8167,-94.4337,40.17,70,100,8.05,overcast clouds
668,Vallenar,CL,-28.5708,-70.7581,78.57,21,0,5.77,clear sky
669,Kuah,MY,6.3265,99.8432,85.1,74,100,11.97,overcast clouds
670,Pulaski,US,34.7668,-92.3001,88.32,81,100,8.08,overcast clouds
671,Mareeba,AU,-17.0,145.4333,70.52,90,7,2.42,clear sky
672,Lere,NG,10.387,8.5726,84.79,38,88,7.56,overcast clouds
673,Zavodoukovsk,RU,56.5042,66.5515,50.95,90,100,8.63,overcast clouds
674,Taiobeiras,BR,-15.8078,-42.2331,74.7,28,1,6.49,clear sky
675,Charters Towers,AU,-20.1,146.2667,60.73,90,74,10.51,broken clouds
676,Pangnirtung,CA,66.1451,-65.7125,36.72,81,100,13.38,overcast clouds
677,Puerto Colombia,CO,10.9878,-74.9547,84.24,74,27,14.29,scattered clouds
678,Lerwick,GB,60.1545,-1.1494,50.0,85,100,15.23,overcast clouds
679,Seoul,KR,37.5683,126.9778,61.99,82,75,3.44,mist
680,Katangli,RU,51.7102,143.2326,35.06,99,100,6.55,overcast clouds
681,Tacuarembo,UY,-31.7333,-55.9833,59.23,73,100,3.69,overcast clouds
682,Yeppoon,AU,-23.1333,150.7333,64.18,90,100,13.71,light rain
683,Pakxan,LA,18.3778,103.6601,74.34,97,100,4.41,overcast clouds
684,Kalang,PH,5.9197,121.3631,80.55,81,98,4.68,overcast clouds
